Banks,Keyword,Actual Keyword,Avg. Search Volume (Last 12 months),CPC/USD,PPC,Keyword Difficulty,Keyword interest growth (%)
Access Bank,access bank,Bank Brand Keywords,100000,1.43,2,63,6
Access Bank,open bank account online instant access,Account Opening & Signup,10,0,0,35,-67
Access Bank,access bank open account,Account Opening & Signup,870,2.08,12,35,-9
Access Bank,access bank loan,Loans & Credit,2000,0.42,13,18,-44
Access Bank,instant access bank account,Bank Brand Keywords,10,0,0,25,-100
Access Bank,access bank online,Bank Brand Keywords,22200,1.95,0,0,0
Access Bank,access bank online account opening,Account Opening & Signup,260,2.49,10,0,-29
Access Bank,open access bank account,Account Opening & Signup,450,2.8,15,0,-46
Access Bank,mcu checking account,Bank Brand Keywords,10,0,0,0,100
Access Bank,access bank app,Mobile & App Banking,9000,0.47,0,0,-12
Access Bank,us bank access online,Bank Brand Keywords,10,0,0,0,-25
Access Bank,access bank loan app,Loans & Credit,590,0.44,45,0,-29
Access Bank,access bank internet banking,Internet / Online Banking,22200,1.95,0,44,0
Access Bank,access bank quick loan,Loans & Credit,730,0.4,24,0,-36
Access Bank,access bank 6 months loan,Loans & Credit,1100,0.51,12,0,-20
Access Bank,access bank savings account opening,Account Opening & Signup,130,1.59,10,0,-19
Access Bank,access bank online banking,Internet / Online Banking,870,0,1,31,-14
Access Bank,bank online access,Bank Brand Keywords,1900,0,0,0,-24
Access Bank,access bank open account online,Account Opening & Signup,80,1.84,10,0,48
Access Bank,access bank near me,Bank Brand Keywords,11000,0,0,0,14
Access Bank,access bank account,Bank Brand Keywords,170,2.09,10,0,-29
Access Bank,access bank savings account,Bank Brand Keywords,20,0,2,0,-36
Access Bank,access bank account opening form,Account Opening & Signup,110,0,2,0,-38
Access Bank,access bank phone loan,Loans & Credit,10,0,0,0,-80
Access Bank,access bank mobile banking,Mobile & App Banking,720,0,1,0,-6
Zenith Bank,zenith bank,Bank Brand Keywords,181000,1.21,2,46,-6
Zenith Bank,zenith bank online,Bank Brand Keywords,62100,1.37,1,32,-23
Zenith Bank,zenith bank internet banking,Internet / Online Banking,62100,1.37,1,31,-23
Zenith Bank,zenith bank app,Mobile & App Banking,6900,0.62,10,36,-19
Zenith Bank,zenith bank corporate internet banking,Internet / Online Banking,5600,2.85,0,16,10
Zenith Bank,zenith internet banking,Internet / Online Banking,62100,1.37,1,36,-23
Zenith Bank,www zenith bank com,Bank Brand Keywords,2100,0.91,1,0,-39
Zenith Bank,zenith corporate banking,Corporate / Business Banking,4000,2.12,1,0,9
Zenith Bank,open zenith bank account,Account Opening & Signup,1000,4.16,13,0,-25
Zenith Bank,zenith corporate internet banking,Internet / Online Banking,2600,3.04,0,0,28
Zenith Bank,zenith bank open account,Account Opening & Signup,250,3.4,13,0,-56
Zenith Bank,www zenith bank plc,Bank Brand Keywords,1900,0.76,0,0,-47
Zenith Bank,zenith bank mobile app,Mobile & App Banking,6900,0.62,10,16,-19
Zenith Bank,zenith bank online banking,Internet / Online Banking,62100,1.37,1,0,-23
Zenith Bank,www zenith bank,Bank Brand Keywords,1900,0.76,0,0,-47
Zenith Bank,zenith bank mobile banking,Mobile & App Banking,640,0.68,5,0,7
Zenith Bank,zenith bank app download,Mobile & App Banking,1800,0.62,14,0,-24
Zenith Bank,zenith internet banking corporate,Internet / Online Banking,5600,2.85,0,0,10
Zenith Bank,www zenithbank com corporate internet banking,Internet / Online Banking,990,2.86,0,0,-32
Zenith Bank,zenith bank corporate banking,Corporate / Business Banking,4000,2.12,1,0,9
Zenith Bank,zenith app,Mobile & App Banking,880,0.49,13,0,-10
Zenith Bank,zenith mobile app,Mobile & App Banking,6900,0.62,10,0,-19
Zenith Bank,zenith bank near me,Bank Brand Keywords,9100,0.75,3,0,14
Zenith Bank,zenith open account,Account Opening & Signup,70,3.53,11,0,-44
Zenith Bank,open a zenith bank account,Account Opening & Signup,1000,4.16,13,0,-25
UBA,united bank for africa plc uba,Bank Brand Keywords,180,0,0,30,51
UBA,about uba bank plc,About / Information / Contact,10,0,0,23,-57
UBA,uba africa's global bank,Bank Brand Keywords,10,0,0,38,-67
UBA,uba group plc,Bank Brand Keywords,10,0,0,44,0
UBA,uba plc,Bank Brand Keywords,1300,0,0,47,-7
UBA,united bank for africa uba plc,Bank Brand Keywords,180,0,0,0,51
UBA,united bank for africa uba stockbrokers limited,Bank Brand Keywords,4342,0,0,0,0
UBA,united bank of africa plc,Bank Brand Keywords,69700,1.12,0,0,-13
UBA,www uba bank plc com,Bank Brand Keywords,10,0,0,0,-33
GTB,guaranty trust bank gtb,Bank Brand Keywords,280,0,0,35,-3
GTB,gtbank code,Bank Brand Keywords,5100,0,0,20,-38
GTB,guaranty trust bank loan,Loans & Credit,1300,0.36,11,32,-44
GTB,about gtbank,About / Information / Contact,70,0,0,24,-48
GTB,about guaranty trust bank,About / Information / Contact,70,0,0,28,-48
GTB,all about gtbank,About / Information / Contact,10,0,0,0,0
GTB,bank code for gtbank,Bank Brand Keywords,150,0,0,0,-13
GTB,bic code for gtbank,Bank Brand Keywords,130,0,0,0,-60
GTB,code for salary advance in gtbank,Loans & Credit,10,0,0,0,-57
GTB,code to pay back gtb loan,Loans & Credit,10,0,0,0,-50
GTB,gt bank site,Bank Brand Keywords,10,0,0,0,-75
GTB,gtb bank com,Bank Brand Keywords,180,0,0,0,-20
GTB,gtb plc,Bank Brand Keywords,10600,1.23,1,0,-18
GTB,gtbank agricultural loan,Loans & Credit,10,0,0,0,-33
GTB,gtbank around me,Bank Brand Keywords,650,0,0,0,-6
GTB,gtbank bank,Bank Brand Keywords,3500,0,0,0,-34
GTB,gtbank bic code,Bank Brand Keywords,210,0,0,0,-42
GTB,gtbank corporate website,Corporate / Business Banking,10,0,0,0,0
GTB,gtbank fashion loan,Loans & Credit,10,0,0,0,0
GTB,gtbank gap,Bank Brand Keywords,6400,0,0,0,-24
GTB,gtbank ibank3,Bank Brand Keywords,10,0,0,0,-86
GTB,gtbank investment,Bank Brand Keywords,60,0,2,0,81
GTB,gtbank kiddies account,Bank Brand Keywords,50,0,1,0,-56
GTB,gtbank ng,Bank Brand Keywords,10600,1.23,1,0,-18
GTB,gtbank plc home,Bank Brand Keywords,10,0,0,0,-100
First Bank,first bank of nigeria ltd,Bank Brand Keywords,4342,0,0,43,0
First Bank,first bank nigeria,Bank Brand Keywords,8100,0,0,37,0
First Bank,first bank plc,Bank Brand Keywords,1000,0,0,46,0
First Bank,first bank of nigeria,Bank Brand Keywords,33100,0,0,50,0
First Bank,first bank of nigeria plc,Bank Brand Keywords,8100,0,0,46,0
First Bank,first bank nigeria plc,Bank Brand Keywords,320,0,0,0,0
First Bank,firstbank nigeria plc,Bank Brand Keywords,4342,0,0,0,0
First Bank,www first bank of nigeria plc,Bank Brand Keywords,4342,0,0,0,0
First Bank,first bank ng,Bank Brand Keywords,4342,0,0,0,0
First Bank,firstbank ng,Bank Brand Keywords,4342,0,0,0,0
First Bank,first bank limited,Bank Brand Keywords,4342,0,0,0,0
First Bank,first bank,Bank Brand Keywords,49500,0,0,57,0
First Bank,first bank nigeria contact number,About / Information / Contact,4342,0,0,0,0
First Bank,firstbank nigeria,Bank Brand Keywords,27100,0,0,0,0
First Bank,first bank ltd,Bank Brand Keywords,4342,0,0,0,0
First Bank,first bank nigeria mobile banking,Mobile & App Banking,480,0,0,0,0
First Bank,first bank group,Bank Brand Keywords,4342,0,0,0,0
First Bank,service first bank,Bank Brand Keywords,4342,0,0,0,0
First Bank,first bank logo,Bank Brand Keywords,1600,0,0,0,0
First Bank,first bank official website,About / Information / Contact,4342,0,0,0,0
First Bank,first bank website,About / Information / Contact,880,0,0,0,0
First Bank,first bank of nigeria online,Bank Brand Keywords,4342,0,0,0,0
First Bank,first bank nigeria online banking,Internet / Online Banking,2400,0,0,0,0
First Bank,first bank nigeria internet banking,Internet / Online Banking,4342,0,0,0,0
First Bank,fbn banque,Bank Brand Keywords,4342,0,0,0,0
Fidelity,fidelity bank plc,Bank Brand Keywords,11200,0,0,47,198
Fidelity,about fidelity bank nigeria,About / Information / Contact,20,0,0,27,-20
Fidelity,careers fidelitybank ng,About / Information / Contact,10,0,0,23,200
Fidelity,careers fidelitybank ng to apply,Mobile & App Banking,10,0,0,18,-50
Fidelity,fidelity bank nigeria login,Internet / Online Banking,30,0,0,25,350
Fidelity,fidelity bank nigeria plc,Bank Brand Keywords,480,0,0,0,32
Fidelity,fidelity bank plc online banking,Internet / Online Banking,7100,0,0,0,-24
Fidelity,fidelity plc,Bank Brand Keywords,40,0,0,0,37
Fidelity,fidelitybank ng,Bank Brand Keywords,240,0,1,0,-43
Fidelity,fidelitybank plc,Bank Brand Keywords,11200,0,0,0,198
Fidelity,gaim fidelity,Bank Brand Keywords,10,0,5,0,200
Fidelity,gaim fidelitybank ng,Bank Brand Keywords,10,0,0,0,100
Fidelity,https infopool fidelitybank ng,Bank Brand Keywords,10,0,0,0,-29
Fidelity,https www fidelitybank ng,Bank Brand Keywords,10,0,0,0,0
Fidelity,infopool fidelitybank ng,Bank Brand Keywords,410,0,0,0,-58
Fidelity,online banking fidelitybank ng,Internet / Online Banking,10,0,6,0,0
Fidelity,online fidelity bank ng,Bank Brand Keywords,1400,0,0,0,-7
Fidelity,universe login fidelitybank ng,Internet / Online Banking,60,0,0,0,-67
Fidelity,www fidelity bank ng careers,About / Information / Contact,10,0,0,0,-67
Fidelity,www fidelity bank nigeria plc,Bank Brand Keywords,10,0,0,0,100
Fidelity,www fidelity bank plc,Bank Brand Keywords,820,2.18,1,0,-64
Fidelity,www fidelity bank plc com,Bank Brand Keywords,10,0,0,0,0
Fidelity,www fidelitybank ng,Bank Brand Keywords,150,0,1,0,-53
Fidelity,www fidelitybank ng careers,About / Information / Contact,10,0,0,0,0
Fidelity,www fidelitybank ng com,Bank Brand Keywords,10,0,5,0,-25
FCMB,first city monument bank,Bank Brand Keywords,51900,0.06,1,41,8
FCMB,fcmb bank,Bank Brand Keywords,2900,0.23,2,30,-30
FCMB,about fcmb,About / Information / Contact,50,0,0,21,-18
FCMB,about fcmb bank,About / Information / Contact,20,0,0,23,-54
FCMB,all about fcmb,About / Information / Contact,10,0,0,22,50
FCMB,devbootcamp fcmb com,Bank Brand Keywords,10,0,0,0,0
FCMB,fcmb bank com,Bank Brand Keywords,10,0,3,0,-25
FCMB,fcmb bank near me,Bank Brand Keywords,500,0,0,0,-12
FCMB,fcmb bank plc,Bank Brand Keywords,10,0,1,0,0
FCMB,fcmb bank website,About / Information / Contact,10,0,0,0,-25
FCMB,fcmb business banking,Corporate / Business Banking,30,0,0,0,36
FCMB,fcmb easy banking,Bank Brand Keywords,10,0,4,0,-33
FCMB,fcmb flexx,Bank Brand Keywords,10,0,0,0,0
FCMB,fcmb integrify,Bank Brand Keywords,130,0,0,0,11
FCMB,fcmb microfinance bank,Bank Brand Keywords,140,0.19,2,0,33
FCMB,fcmb microfinance bank limited,Bank Brand Keywords,10,0,1,0,67
FCMB,fcmb millionaire promo 2022,Promotions / Campaigns / Specific Products,10,0,0,0,0
FCMB,fcmb ng,Bank Brand Keywords,10,0,14,0,0
FCMB,fcmb official site,Bank Brand Keywords,10,0,0,0,0
FCMB,fcmb official website,About / Information / Contact,30,0,1,0,-13
FCMB,fcmb personal banking,Bank Brand Keywords,120,0,0,0,22
FCMB,fcmb plc,Bank Brand Keywords,620,0,0,0,-18
FCMB,fcmb promo 2021,Promotions / Campaigns / Specific Products,10,0,0,0,0
FCMB,fcmb promo 2022,Promotions / Campaigns / Specific Products,10,0,0,0,0
FCMB,fcmb site,Bank Brand Keywords,10,0,0,0,0
Wema Bank,wema bank plc,Bank Brand Keywords,25900,0.78,0,43,8
Wema Bank,wema bank,Bank Brand Keywords,25900,0.78,0,39,8
Wema Bank,about wema bank,About / Information / Contact,90,0,0,17,-30
Wema Bank,alat by wema customer care whatsapp number,Mobile & App Banking,20,0,0,23,63
Wema Bank,alat by wema whatsapp number,Mobile & App Banking,70,0,0,23,-7
Wema Bank,https wemaonline wemabank com,Bank Brand Keywords,10,0,0,0,-100
Wema Bank,wema bank agency banking,Bank Brand Keywords,10,0,0,0,-25
Wema Bank,wema bank allen avenue,Bank Brand Keywords,200,0,2,0,13
Wema Bank,wema bank bloomberg,Bank Brand Keywords,10,0,0,0,0
Wema Bank,wema bank contact number,About / Information / Contact,90,0,0,0,740
Wema Bank,wema bank investment,Bank Brand Keywords,10,0,6,0,0
Wema Bank,wema bank iponri,Bank Brand Keywords,120,0,1,0,20
Wema Bank,wema bank ng,Bank Brand Keywords,100,0,0,0,74
Wema Bank,wema bank official website,About / Information / Contact,20,0,0,0,25
Wema Bank,wema bank site,Bank Brand Keywords,150,0,0,0,15
Wema Bank,wema bank website,About / Information / Contact,150,0,0,0,15
Wema Bank,wema bank whatsapp chat number,Mobile & App Banking,10,0,0,0,-33
Wema Bank,wema bank whatsapp number,Mobile & App Banking,190,0,0,0,51
Wema Bank,wema plc,Bank Brand Keywords,10,0,0,0,0
Wema Bank,www wema bank,Bank Brand Keywords,50,0,0,0,58
Wema Bank,www wema bank com,Bank Brand Keywords,50,0,1,0,-21
Wema Bank,www wema bank plc,Bank Brand Keywords,50,0,0,0,58
Wema Bank,www wemabank com,Bank Brand Keywords,90,0,2,0,-31
Sterling Bank,sterling bank ltd,Bank Brand Keywords,4342,0,0,32,0
Sterling Bank,sterling internet banking,Internet / Online Banking,4342,0,0,23,0
Sterling Bank,nal bank,Bank Brand Keywords,4342,0,0,18,0
Sterling Bank,sterling bank services,Bank Brand Keywords,4342,0,0,33,0
Sterling Bank,sterling bank nigeria mobile banking,Mobile & App Banking,4342,0,0,30,0
Sterling Bank,sterling bank logo,Bank Brand Keywords,4342,0,0,0,0
Sterling Bank,sterling bank credit card,Loans & Credit,4342,0,0,0,0
Sterling Bank,sterling bank login,Internet / Online Banking,720,0,0,0,0
Sterling Bank,sterling bank share price,Bank Brand Keywords,210,0,0,0,0
Sterling Bank,sterling bank branches,Bank Brand Keywords,4342,0,0,0,0
Sterling Bank,magnum tax service,Bank Brand Keywords,4342,0,0,0,0
Sterling Bank,sterling online banking,Internet / Online Banking,4342,0,0,0,0
Sterling Bank,sterling atm,Bank Brand Keywords,4342,0,0,0,0
Sterling Bank,sterling bank contact number,About / Information / Contact,4342,0,0,0,0
Sterling Bank,sterling bank ussd code,Bank Brand Keywords,8100,0,0,0,0
Sterling Bank,sterling plc,Bank Brand Keywords,4342,0,0,0,0
Sterling Bank,sterling bank nigeria internet banking,Internet / Online Banking,4342,0,0,0,0
Sterling Bank,sterling bank,Bank Brand Keywords,27100,0,0,36,0
Sterling Bank,sterling asset management,Bank Brand Keywords,4342,0,0,0,0
Sterling Bank,merchants sterling,Bank Brand Keywords,4342,0,0,0,0
Sterling Bank,michael ajukwu,Bank Brand Keywords,4342,0,0,0,0
Sterling Bank,sterling bank address,Bank Brand Keywords,4342,0,0,0,0
Sterling Bank,sterling bank website,About / Information / Contact,4342,0,0,0,0
Sterling Bank,stirling plc,Bank Brand Keywords,4342,0,0,0,0
Heritage Bank,heritage bank,Bank Brand Keywords,2400,1.54,1,27,-70
Heritage Bank,heritage bank car loan,Loans & Credit,4342,0,0,15,0
Heritage Bank,heritage bank term deposit rates,Bank Brand Keywords,4342,0,0,16,-100
Heritage Bank,heritage bank home loan,Loans & Credit,4342,0,0,26,-100
Heritage Bank,heritage bank interest rates,Bank Brand Keywords,10,0,0,20,-67
Heritage Bank,heritage bank checking account,Bank Brand Keywords,10,0,0,0,-33
Heritage Bank,heritage personal loan,Loans & Credit,4342,0,0,0,0
Heritage Bank,heritage home loan rates,Loans & Credit,4342,0,0,0,0
Heritage Bank,heritage term deposit rates,Bank Brand Keywords,4342,0,0,0,0
Heritage Bank,heritage bank personal loan,Loans & Credit,4342,0,0,0,-100
Heritage Bank,heritage bank home loan rates,Loans & Credit,4342,0,0,0,0
Heritage Bank,heritage bank open account,Account Opening & Signup,10,0,11,0,0
Heritage Bank,heritage bank near me,Bank Brand Keywords,70,0,0,0,-24
Heritage Bank,heritage home loan,Loans & Credit,4342,0,0,0,0
Heritage Bank,heritage bank refinance,Bank Brand Keywords,4342,0,0,0,0
Heritage Bank,heritage online banking,Internet / Online Banking,10,0,4,0,-62
Heritage Bank,heritage bank loan,Loans & Credit,10,0,0,0,0
Heritage Bank,heritage bank credit card,Loans & Credit,10,0,0,0,-33
Heritage Bank,heritage bank business account,Corporate / Business Banking,10,0,0,0,-100
Heritage Bank,heritage bank savings account,Bank Brand Keywords,10,0,0,0,-100
Heritage Bank,open heritage bank account online,Account Opening & Signup,10,0,0,0,50
Heritage Bank,heritage bank login,Internet / Online Banking,20,0,0,0,-78
Heritage Bank,heritage bank savings interest rates,Bank Brand Keywords,4342,0,0,0,-100
Heritage Bank,heritage bank online banking,Internet / Online Banking,10,0,0,0,-67
Heritage Bank,heritage bank sign up,Bank Brand Keywords,10,0,19,0,0
Keystone Bank,keystone bank,Bank Brand Keywords,26600,0,0,35,13
Keystone Bank,keystone bank near me,Bank Brand Keywords,2400,0,0,28,22
Keystone Bank,keystone bank account opening,Account Opening & Signup,360,1.88,9,26,216
Keystone Bank,open keystone bank account online,Account Opening & Signup,120,1.59,11,25,64
Keystone Bank,keystone bank online banking,Internet / Online Banking,480,0,0,23,-55
Keystone Bank,keystone bank mobile banking,Mobile & App Banking,350,0,0,0,54
Keystone Bank,keystone bank open account,Account Opening & Signup,170,1.18,6,0,471
Keystone Bank,open account with keystone bank,Account Opening & Signup,30,1.25,13,0,133
Keystone Bank,keystone online banking,Internet / Online Banking,480,0,0,0,-55
Keystone Bank,keystone corporate internet banking,Internet / Online Banking,460,0,0,0,-56
Keystone Bank,* 7111 keystone bank,Bank Brand Keywords,10,0,0,0,200
Keystone Bank,about keystone bank,About / Information / Contact,50,0,0,0,-68
Keystone Bank,bank keystone,Bank Brand Keywords,10,0,0,0,0
Keystone Bank,bank phb is now called,Bank Brand Keywords,30,0,0,0,-8
Keystone Bank,contactcentre keystonebankng com,About / Information / Contact,50,0,0,0,400
Keystone Bank,fkcb bank,Bank Brand Keywords,10,0,0,0,0
Keystone Bank,fkcb online banking,Internet / Online Banking,10,0,0,0,0
Keystone Bank,growbiz account,Bank Brand Keywords,10,0,0,0,-33
Keystone Bank,growbiz account keystone bank,Bank Brand Keywords,10,0,0,0,0
Keystone Bank,ibank keystone corporate,Corporate / Business Banking,20,0,0,0,-83
Keystone Bank,ibank keystonebankng com,Bank Brand Keywords,10,0,0,0,0
Keystone Bank,internet banking keystone,Internet / Online Banking,10,0,0,0,-25
Keystone Bank,keystone account balance,Bank Brand Keywords,10,0,0,0,0
Keystone Bank,keystone bank account,Bank Brand Keywords,20,0,4,0,100
Keystone Bank,keystone bank account opening online,Account Opening & Signup,240,1.36,6,0,1267
Polaries Bank,polaris bank,Bank Brand Keywords,18700,0,0,38,-33
Polaries Bank,polaris bank online banking,Internet / Online Banking,250,0,0,20,-80
Polaries Bank,polaris bank limited,Bank Brand Keywords,7800,0,0,41,7
Polaries Bank,skye bank,Bank Brand Keywords,1200,0,0,26,17
Polaries Bank,polaris online banking,Internet / Online Banking,190,0,1,12,-50
Polaries Bank,polaris bank internet banking,Internet / Online Banking,570,0,0,9,-54
Polaries Bank,about polaris bank,About / Information / Contact,40,0,0,0,-58
Polaries Bank,accounts polarisbanklimited com,Bank Brand Keywords,10,0,0,0,0
Polaries Bank,astra polaris bank,Bank Brand Keywords,10,0,0,0,50
Polaries Bank,bank polaris,Bank Brand Keywords,10,0,0,0,0
Polaries Bank,bit ly polaris vulte,Bank Brand Keywords,10,0,0,0,0
Polaries Bank,capital one polaris,Bank Brand Keywords,4342,0,0,0,0
Polaries Bank,download vulte by polaris bank,Mobile & App Banking,10,0,2,0,-50
Polaries Bank,download vulte polaris,Mobile & App Banking,20,0,0,0,60
Polaries Bank,download vulte polaris bank,Mobile & App Banking,10,0,0,0,-50
Polaries Bank,internet banking polaris,Internet / Online Banking,10,0,0,0,-77
Polaries Bank,internet banking polaris bank,Internet / Online Banking,10,0,0,0,-20
Polaries Bank,online banking polaris,Internet / Online Banking,10,0,0,0,-33
Polaries Bank,open polaris bank online,Account Opening & Signup,10,0,14,0,0
Polaries Bank,polaris agency banking,Bank Brand Keywords,10,0,0,0,-50
Polaries Bank,polaris bank around me,Bank Brand Keywords,250,0,0,0,-7
Polaries Bank,polaris bank com,Bank Brand Keywords,30,0,0,0,-33
Polaries Bank,polaris bank gmail,Bank Brand Keywords,10,0,0,0,-25
Polaries Bank,polaris bank limited com,Bank Brand Keywords,10,0,0,0,-71
Polaries Bank,polaris bank limited internet banking,Internet / Online Banking,20,0,0,0,-67
Union Bank,union bank of nigeria plc,Bank Brand Keywords,7800,0,0,41,23
Union Bank,union bank nigeria,Bank Brand Keywords,7800,0,0,42,23
Union Bank,about union bank nigeria,About / Information / Contact,10,0,0,23,-67
Union Bank,about union bank of nigeria,About / Information / Contact,20,0,0,24,-55
Union Bank,history of union bank of nigeria,Bank Brand Keywords,10,0,0,16,-56
Union Bank,union bank enugu,Bank Brand Keywords,30,0,0,0,-31
Union Bank,union bank in port harcourt,Bank Brand Keywords,70,0,0,0,-26
Union Bank,union bank kaduna,Bank Brand Keywords,20,0,0,0,-25
Union Bank,union bank lagos,Bank Brand Keywords,160,0,0,0,-34
Union Bank,union bank lagos nigeria,Bank Brand Keywords,160,0,0,0,-34
Union Bank,union bank nigeria website,About / Information / Contact,10,0,0,0,50
Union Bank,union bank of nigeria lagos,Bank Brand Keywords,160,0,0,0,-34
Union Bank,union bank of nigeria locations,Bank Brand Keywords,10,0,0,0,-100
Union Bank,union bank of nigeria plc lagos,Bank Brand Keywords,160,0,0,0,-34
Union Bank,union bank of nigeria plc online banking,Internet / Online Banking,310,0,0,0,22
Union Bank,union bank of nigeria subsidiaries,Bank Brand Keywords,10,0,0,0,0
Union Bank,union bank plc lagos,Bank Brand Keywords,160,0,0,0,-34
Union Bank,united bank of nigeria plc,Bank Brand Keywords,10,0,0,0,50
Union Bank,www union bank nigeria com,Bank Brand Keywords,10,0,0,0,-100
Union Bank,www union bank nigeria plc,Bank Brand Keywords,60,0,0,0,-59
Union Bank,www union bank of nigeria,Bank Brand Keywords,60,0,0,0,-59
Union Bank,www union bank of nigeria com,Bank Brand Keywords,10,0,0,0,50
Stabic ibtc Bank,stanbic ibtc bank plc,Bank Brand Keywords,1400,0,1,38,33
Stabic ibtc Bank,ibtc bank plc,Bank Brand Keywords,10,0,0,42,200
Stabic ibtc Bank,ibtc chartered bank plc,Bank Brand Keywords,10,0,0,21,33
Stabic ibtc Bank,stanbic bank nigeria,Bank Brand Keywords,350,0,1,49,6
Stabic ibtc Bank,stanbic bank plc,Bank Brand Keywords,80,0,1,49,24
Stabic ibtc Bank,stanbic ibtc bank head office address,Bank Brand Keywords,50,0,0,0,-16
Stabic ibtc Bank,stanbic ibtc head office,Bank Brand Keywords,840,0,2,0,-48
Stabic ibtc Bank,stanbic ibtc headquarters address,Bank Brand Keywords,10,0,1,0,-67
Stabic ibtc Bank,stanbic ibtc islamic banking,Bank Brand Keywords,10,0,2,0,0
Stabic ibtc Bank,stanbic ibtc management team,Bank Brand Keywords,20,0,2,0,14
Stabic ibtc Bank,stanbic ibtc news,Bank Brand Keywords,80,0,1,0,260
Stabic ibtc Bank,stanbic ibtc plc,Bank Brand Keywords,30,0,2,0,33
Stabic ibtc Bank,stanbic ibtc share price,Bank Brand Keywords,260,0,1,0,113
Stabic ibtc Bank,stanbic ibtc stock price,Bank Brand Keywords,30,0,2,0,250
Stabic ibtc Bank,stanbicibtc bank plc,Bank Brand Keywords,4342,0,0,0,0
Ecobank,ecobank nigeria ltd,Bank Brand Keywords,4342,0,0,34,0
Ecobank,what is internet banking,Internet / Online Banking,4342,0,0,21,0
Ecobank,start internet banking,Internet / Online Banking,4342,0,0,38,0
Ecobank,set up internet banking,Internet / Online Banking,4342,0,0,34,0
Ecobank,online internet banking,Internet / Online Banking,4342,0,0,35,0
Ecobank,i internet banking,Internet / Online Banking,4342,0,0,0,0
Ecobank,the internet bank,Bank Brand Keywords,4342,0,0,0,0
Ecobank,how do i do internet banking,Internet / Online Banking,4342,0,0,0,0
Ecobank,internet banking site,Internet / Online Banking,4342,0,0,0,0
Ecobank,new internet banking,Internet / Online Banking,4342,0,0,0,0
Ecobank,create internet banking account,Internet / Online Banking,4342,0,0,0,0
Ecobank,eco bank internet banking,Internet / Online Banking,4342,0,0,22,0
Ecobank,how to do internet banking,Internet / Online Banking,4342,0,0,0,0
Ecobank,internetbanking,Bank Brand Keywords,10,0,0,0,100
Ecobank,internet banking,Internet / Online Banking,6600,0,0,34,0
Ecobank,how to create online banking,Internet / Online Banking,4342,0,0,0,0
Ecobank,web banking,Bank Brand Keywords,4342,0,0,0,0
Ecobank,in internet banking,Internet / Online Banking,4342,0,0,0,0
Ecobank,internet internet banking,Internet / Online Banking,4342,0,0,0,0
Ecobank,how to internet banking,Internet / Online Banking,4342,0,0,0,0
Ecobank,what is ibanking,Bank Brand Keywords,4342,0,0,0,0
Ecobank,how do i set up internet banking,Internet / Online Banking,4342,0,0,0,0
Ecobank,create internet banking,Internet / Online Banking,4342,0,0,0,0
Ecobank,internet banking and online banking,Internet / Online Banking,4342,0,0,0,0
Ecobank,ecobank personal banking,Bank Brand Keywords,4342,0,0,0,0
